run,method,ppc,flip_coef,r,v_theta_sim
rankine_pic_ppc2_t4,pic,2,,0.008866666666666667,0.03088153755678987
rankine_pic_ppc2_t4,pic,2,,0.0266,0.06732578057023549
rankine_pic_ppc2_t4,pic,2,,0.044333333333333336,0.1027722041914138
rankine_pic_ppc2_t4,pic,2,,0.062066666666666666,0.14068821750692806
rankine_pic_ppc2_t4,pic,2,,0.07980000000000001,0.17373704111473048
rankine_pic_ppc2_t4,pic,2,,0.09753333333333333,0.20834471351344688
rankine_pic_ppc2_t4,pic,2,,0.11526666666666666,0.2488164900561642
rankine_pic_ppc2_t4,pic,2,,0.133,0.28579354668975887
rankine_pic_ppc2_t4,pic,2,,0.15073333333333333,0.32885461050301745
rankine_pic_ppc2_t4,pic,2,,0.16846666666666665,0.3724925227665543
rankine_pic_ppc2_t4,pic,2,,0.1862,0.40663556779799404
rankine_pic_ppc2_t4,pic,2,,0.20393333333333333,0.4421388556945926
rankine_pic_ppc2_t4,pic,2,,0.22166666666666668,0.4810258636292847
rankine_pic_ppc2_t4,pic,2,,0.2394,0.5160131645875748
rankine_pic_ppc2_t4,pic,2,,0.2571333333333333,0.5520636958728338
rankine_pic_ppc2_t4,pic,2,,0.2748666666666667,0.5883741360931725
rankine_pic_ppc2_t4,pic,2,,0.29259999999999997,0.6259684556361352
rankine_pic_ppc2_t4,pic,2,,0.31033333333333335,0.6656376482675164
rankine_pic_ppc2_t4,pic,2,,0.3280666666666667,0.7028823932616313
rankine_pic_ppc2_t4,pic,2,,0.3458,0.7357248311550151
rankine_pic_ppc2_t4,pic,2,,0.3635333333333334,0.7716852938007626
rankine_pic_ppc2_t4,pic,2,,0.38126666666666664,0.806656108160831
rankine_pic_ppc2_t4,pic,2,,0.399,0.8384549313534756
rankine_pic_ppc2_t4,pic,2,,0.4167333333333333,0.8747585022841369
rankine_pic_ppc2_t4,pic,2,,0.43446666666666667,0.9106933099962745
rankine_pic_ppc2_t4,pic,2,,0.45220000000000005,0.9441430587912524
rankine_pic_ppc2_t4,pic,2,,0.4699333333333333,0.980266513971485
rankine_pic_ppc2_t4,pic,2,,0.4876666666666667,1.0123919019165566
rankine_pic_ppc2_t4,pic,2,,0.5054,1.0444973626807357
rankine_pic_ppc2_t4,pic,2,,0.5231333333333333,1.0762060281099561
rankine_pic_ppc2_t4,pic,2,,0.5408666666666666,1.1055837129550836
rankine_pic_ppc2_t4,pic,2,,0.5586,1.1384521237649572
rankine_pic_ppc2_t4,pic,2,,0.5763333333333334,1.170839323639683
rankine_pic_ppc2_t4,pic,2,,0.5940666666666667,1.202049099091305
rankine_pic_ppc2_t4,pic,2,,0.6118,1.2324329706370405
rankine_pic_ppc2_t4,pic,2,,0.6295333333333333,1.2610023763506752
rankine_pic_ppc2_t4,pic,2,,0.6472666666666667,1.2892573233858458
rankine_pic_ppc2_t4,pic,2,,0.665,1.3184481163721096
rankine_pic_ppc2_t4,pic,2,,0.6827333333333334,1.3471546038286775
rankine_pic_ppc2_t4,pic,2,,0.7004666666666667,1.372478802156864
rankine_pic_ppc2_t4,pic,2,,0.7182,1.3987084612456786
rankine_pic_ppc2_t4,pic,2,,0.7359333333333333,1.4241339124255674
rankine_pic_ppc2_t4,pic,2,,0.7536666666666667,1.4500222057368406
rankine_pic_ppc2_t4,pic,2,,0.7714000000000001,1.4755825998168273
rankine_pic_ppc2_t4,pic,2,,0.7891333333333334,1.4999557996929866
rankine_pic_ppc2_t4,pic,2,,0.8068666666666666,1.523588034853846
rankine_pic_ppc2_t4,pic,2,,0.8246,1.545739203158044
rankine_pic_ppc2_t4,pic,2,,0.8423333333333334,1.5669069916132405
rankine_pic_ppc2_t4,pic,2,,0.8600666666666666,1.5879502234319802
rankine_pic_ppc2_t4,pic,2,,0.8778,1.6094348153079268
rankine_pic_ppc2_t4,pic,2,,0.8955333333333333,1.6290311339425185
rankine_pic_ppc2_t4,pic,2,,0.9132666666666667,1.6482255772932624
rankine_pic_ppc2_t4,pic,2,,0.931,1.6675605957382282
rankine_pic_ppc2_t4,pic,2,,0.9487333333333333,1.6853411363938344
rankine_pic_ppc2_t4,pic,2,,0.9664666666666667,1.7023920599056577
rankine_pic_ppc2_t4,pic,2,,0.9842,1.719052869334919
rankine_pic_ppc2_t4,pic,2,,1.0019333333333333,1.7340603017457676
rankine_pic_ppc2_t4,pic,2,,1.0196666666666667,1.7481536572024705
rankine_pic_ppc2_t4,pic,2,,1.0373999999999999,1.7620414058879463
rankine_pic_ppc2_t4,pic,2,,1.0551333333333335,1.7756921491173003
rankine_pic_ppc2_t4,pic,2,,1.0728666666666666,1.7882989786215053
rankine_pic_ppc2_t4,pic,2,,1.0906,1.7999537515200401
rankine_pic_ppc2_t4,pic,2,,1.1083333333333334,1.8105070666571583
rankine_pic_ppc2_t4,pic,2,,1.1260666666666665,1.8207117286842844
rankine_pic_ppc2_t4,pic,2,,1.1438000000000001,1.8301471317707878
rankine_pic_ppc2_t4,pic,2,,1.1615333333333333,1.8384533069910312
rankine_pic_ppc2_t4,pic,2,,1.1792666666666667,1.8457552547589022
rankine_pic_ppc2_t4,pic,2,,1.197,1.852697102396734
rankine_pic_ppc2_t4,pic,2,,1.2147333333333332,1.8591985839127378
rankine_pic_ppc2_t4,pic,2,,1.2324666666666668,1.8643753026341374
rankine_pic_ppc2_t4,pic,2,,1.2502,1.8691975462679649
rankine_pic_ppc2_t4,pic,2,,1.2679333333333334,1.8730367837784618
rankine_pic_ppc2_t4,pic,2,,1.2856666666666667,1.8757585701959587
rankine_pic_ppc2_t4,pic,2,,1.3034,1.877936722773317
rankine_pic_ppc2_t4,pic,2,,1.3211333333333335,1.8794942732938265
rankine_pic_ppc2_t4,pic,2,,1.3388666666666666,1.8798191280468317
rankine_pic_ppc2_t4,pic,2,,1.3566,1.8797144325491961
rankine_pic_ppc2_t4,pic,2,,1.3743333333333334,1.878691590832842
rankine_pic_ppc2_t4,pic,2,,1.3920666666666666,1.8768986221291046
rankine_pic_ppc2_t4,pic,2,,1.4098000000000002,1.8744468404840604
rankine_pic_ppc2_t4,pic,2,,1.4275333333333333,1.870728298708382
rankine_pic_ppc2_t4,pic,2,,1.4452666666666667,1.8668778076404735
rankine_pic_ppc2_t4,pic,2,,1.463,1.8620851766121576
rankine_pic_ppc2_t4,pic,2,,1.4807333333333332,1.8567221318432692
rankine_pic_ppc2_t4,pic,2,,1.4984666666666668,1.8500957144298822
rankine_pic_ppc2_t4,pic,2,,1.5162,1.8428142637249172
rankine_pic_ppc2_t4,pic,2,,1.5339333333333334,1.8352402576434028
rankine_pic_ppc2_t4,pic,2,,1.5516666666666667,1.8265410622007534
rankine_pic_ppc2_t4,pic,2,,1.5694,1.8169822437147185
rankine_pic_ppc2_t4,pic,2,,1.5871333333333335,1.8065945405605253
rankine_pic_ppc2_t4,pic,2,,1.6048666666666667,1.7954240589192898
rankine_pic_ppc2_t4,pic,2,,1.6226,1.7842921254615494
rankine_pic_ppc2_t4,pic,2,,1.6403333333333334,1.7719256639377465
rankine_pic_ppc2_t4,pic,2,,1.6580666666666666,1.7587925651108005
rankine_pic_ppc2_t4,pic,2,,1.6758000000000002,1.7444667918765893
rankine_pic_ppc2_t4,pic,2,,1.6935333333333333,1.729126057444471
rankine_pic_ppc2_t4,pic,2,,1.7112666666666665,1.713621734123683
rankine_pic_ppc2_t4,pic,2,,1.729,1.6979327123760144
rankine_pic_ppc2_t4,pic,2,,1.7467333333333332,1.6810446448858118
rankine_pic_ppc2_t4,pic,2,,1.7644666666666668,1.6632246243081612
rankine_pic_ppc2_t4,pic,2,,1.7822,1.6452499607572788
rankine_pic_ppc2_t4,pic,2,,1.7999333333333332,1.6270146190409884
rankine_pic_ppc2_t4,pic,2,,1.8176666666666668,1.6072713725585117
rankine_pic_ppc2_t4,pic,2,,1.8354,1.5862614994723019
rankine_pic_ppc2_t4,pic,2,,1.8531333333333335,1.5648638689813499
rankine_pic_ppc2_t4,pic,2,,1.8708666666666667,1.5428837963548596
rankine_pic_ppc2_t4,pic,2,,1.8885999999999998,1.5203706724571346
rankine_pic_ppc2_t4,pic,2,,1.9063333333333334,1.496708344756412
rankine_pic_ppc2_t4,pic,2,,1.9240666666666666,1.4730411384868711
rankine_pic_ppc2_t4,pic,2,,1.9418000000000002,1.4491542921244995
rankine_pic_ppc2_t4,pic,2,,1.9595333333333333,1.4244134319990553
rankine_pic_ppc2_t4,pic,2,,1.9772666666666665,1.3974708349982878
rankine_pic_ppc2_t4,pic,2,,1.995,1.3707221963588825
rankine_pic_ppc2_t4,pic,2,,2.0127333333333333,1.343191107683346
rankine_pic_ppc2_t4,pic,2,,2.0304666666666664,1.3156612987871141
rankine_pic_ppc2_t4,pic,2,,2.0482,1.2858843889373022
rankine_pic_ppc2_t4,pic,2,,2.0659333333333336,1.2576004704120554
rankine_pic_ppc2_t4,pic,2,,2.083666666666667,1.2290004202461378
rankine_pic_ppc2_t4,pic,2,,2.1014,1.1993920558172901
rankine_pic_ppc2_t4,pic,2,,2.119133333333333,1.1674741309776837
rankine_pic_ppc2_t4,pic,2,,2.1368666666666667,1.136049601778322
rankine_pic_ppc2_t4,pic,2,,2.1546000000000003,1.1039356576624662
rankine_pic_ppc2_t4,pic,2,,2.1723333333333334,1.0721732818009788
rankine_pic_ppc2_t4,pic,2,,2.1900666666666666,1.0384703458332902
rankine_pic_ppc2_t4,pic,2,,2.2077999999999998,1.0036843899008094
rankine_pic_ppc2_t4,pic,2,,2.2255333333333334,0.9694540431826453
rankine_pic_ppc2_t4,pic,2,,2.243266666666667,0.935668227407311
rankine_pic_ppc2_t4,pic,2,,2.261,0.9018963763977845
rankine_pic_ppc2_t4,pic,2,,2.2787333333333333,0.8666948292187451
rankine_pic_ppc2_t4,pic,2,,2.2964666666666664,0.8306260266709409
rankine_pic_ppc2_t4,pic,2,,2.3142,0.7933271339923216
rankine_pic_ppc2_t4,pic,2,,2.3319333333333336,0.7553054556307759
rankine_pic_ppc2_t4,pic,2,,2.349666666666667,0.7196593622511152
rankine_pic_ppc2_t4,pic,2,,2.3674,0.6825879130118657
rankine_pic_ppc2_t4,pic,2,,2.385133333333333,0.6447734013680836
rankine_pic_ppc2_t4,pic,2,,2.4028666666666667,0.6070031012409258
rankine_pic_ppc2_t4,pic,2,,2.4206000000000003,0.5704937443464966
rankine_pic_ppc2_t4,pic,2,,2.4383333333333335,0.5330753491976371
rankine_pic_ppc2_t4,pic,2,,2.4560666666666666,0.49441582655848476
rankine_pic_ppc2_t4,pic,2,,2.4737999999999998,0.45440035248194727
rankine_pic_ppc2_t4,pic,2,,2.4915333333333334,0.4161207840806272
rankine_pic_ppc2_t4,pic,2,,2.509266666666667,0.3777920691150458
rankine_pic_ppc2_t4,pic,2,,2.527,0.33778273625176986
rankine_pic_ppc2_t4,pic,2,,2.5447333333333333,0.2996288732446419
rankine_pic_ppc2_t4,pic,2,,2.5624666666666664,0.2600905996081558
rankine_pic_ppc2_t4,pic,2,,2.5802,0.2184940787104098
rankine_pic_ppc2_t4,pic,2,,2.5979333333333336,0.1828223698974302
rankine_pic_ppc2_t4,pic,2,,2.615666666666667,0.1452434318959376
rankine_pic_ppc2_t4,pic,2,,2.6334,0.10830949650831419
rankine_pic_ppc2_t4,pic,2,,2.651133333333333,0.05250110351377569
rankine_flip_ppc2_coefpic0_t4,flip,2,0.0,0.008866666666666667,0.034491602158388215
rankine_flip_ppc2_coefpic0_t4,flip,2,0.0,0.0266,0.07902003736928424
rankine_flip_ppc2_coefpic0_t4,flip,2,0.0,0.044333333333333336,0.11801497790566673
rankine_flip_ppc2_coefpic0_t4,flip,2,0.0,0.062066666666666666,0.15928319629122134
rankine_flip_ppc2_coefpic0_t4,flip,2,0.0,0.07980000000000001,0.19765250462133072
rankine_flip_ppc2_coefpic0_t4,flip,2,0.0,0.09753333333333333,0.23554128771782917
rankine_flip_ppc2_coefpic0_t4,flip,2,0.0,0.11526666666666666,0.27938833844493915
rankine_flip_ppc2_coefpic0_t4,flip,2,0.0,0.133,0.3234037733641997
rankine_flip_ppc2_coefpic0_t4,flip,2,0.0,0.15073333333333333,0.36883699496976907
rankine_flip_ppc2_coefpic0_t4,flip,2,0.0,0.16846666666666665,0.4164253266905787
rankine_flip_ppc2_coefpic0_t4,flip,2,0.0,0.1862,0.4588908462862096
rankine_flip_ppc2_coefpic0_t4,flip,2,0.0,0.20393333333333333,0.49889223368014807
rankine_flip_ppc2_coefpic0_t4,flip,2,0.0,0.22166666666666668,0.5415898596459475
rankine_flip_ppc2_coefpic0_t4,flip,2,0.0,0.2394,0.5841885252653967
rankine_flip_ppc2_coefpic0_t4,flip,2,0.0,0.2571333333333333,0.6254668672379604
rankine_flip_ppc2_coefpic0_t4,flip,2,0.0,0.2748666666666667,0.6687311965018111
rankine_flip_ppc2_coefpic0_t4,flip,2,0.0,0.29259999999999997,0.7122313379496173
rankine_flip_ppc2_coefpic0_t4,flip,2,0.0,0.31033333333333335,0.7578946391815036
rankine_flip_ppc2_coefpic0_t4,flip,2,0.0,0.3280666666666667,0.80215222965077
rankine_flip_ppc2_coefpic0_t4,flip,2,0.0,0.3458,0.8431557787908524
rankine_flip_ppc2_coefpic0_t4,flip,2,0.0,0.3635333333333334,0.8844312057165976
rankine_flip_ppc2_coefpic0_t4,flip,2,0.0,0.38126666666666664,0.9296802255866455
rankine_flip_ppc2_coefpic0_t4,flip,2,0.0,0.399,0.9702886540939237
rankine_flip_ppc2_coefpic0_t4,flip,2,0.0,0.4167333333333333,1.014911203978635
rankine_flip_ppc2_coefpic0_t4,flip,2,0.0,0.43446666666666667,1.0586919331980016
rankine_flip_ppc2_coefpic0_t4,flip,2,0.0,0.45220000000000005,1.1020690287360368
rankine_flip_ppc2_coefpic0_t4,flip,2,0.0,0.4699333333333333,1.1467370554225504
rankine_flip_ppc2_coefpic0_t4,flip,2,0.0,0.4876666666666667,1.189111901995683
rankine_flip_ppc2_coefpic0_t4,flip,2,0.0,0.5054,1.2306983337619797
rankine_flip_ppc2_coefpic0_t4,flip,2,0.0,0.5231333333333333,1.274508656881885
rankine_flip_ppc2_coefpic0_t4,flip,2,0.0,0.5408666666666666,1.3124310539334099
rankine_flip_ppc2_coefpic0_t4,flip,2,0.0,0.5586,1.3560185154587518
rankine_flip_ppc2_coefpic0_t4,flip,2,0.0,0.5763333333333334,1.4028089225148397
rankine_flip_ppc2_coefpic0_t4,flip,2,0.0,0.5940666666666667,1.4462336512837721
rankine_flip_ppc2_coefpic0_t4,flip,2,0.0,0.6118,1.4903346510480757
rankine_flip_ppc2_coefpic0_t4,flip,2,0.0,0.6295333333333333,1.534598789294335
rankine_flip_ppc2_coefpic0_t4,flip,2,0.0,0.6472666666666667,1.5769792603388753
rankine_flip_ppc2_coefpic0_t4,flip,2,0.0,0.665,1.620523911279717
rankine_flip_ppc2_coefpic0_t4,flip,2,0.0,0.6827333333333334,1.6647451819319985
rankine_flip_ppc2_coefpic0_t4,flip,2,0.0,0.7004666666666667,1.7050063681138266
rankine_flip_ppc2_coefpic0_t4,flip,2,0.0,0.7182,1.7470023298532837
rankine_flip_ppc2_coefpic0_t4,flip,2,0.0,0.7359333333333333,1.7903802871898318
rankine_flip_ppc2_coefpic0_t4,flip,2,0.0,0.7536666666666667,1.8340333136752978
rankine_flip_ppc2_coefpic0_t4,flip,2,0.0,0.7714000000000001,1.8801257883050784
rankine_flip_ppc2_coefpic0_t4,flip,2,0.0,0.7891333333333334,1.9250575345280847
rankine_flip_ppc2_coefpic0_t4,flip,2,0.0,0.8068666666666666,1.9664429391076572
rankine_flip_ppc2_coefpic0_t4,flip,2,0.0,0.8246,2.0092687314064093
rankine_flip_ppc2_coefpic0_t4,flip,2,0.0,0.8423333333333334,2.0512091057255795
rankine_flip_ppc2_coefpic0_t4,flip,2,0.0,0.8600666666666666,2.0922532546169204
rankine_flip_ppc2_coefpic0_t4,flip,2,0.0,0.8778,2.136011804182743
rankine_flip_ppc2_coefpic0_t4,flip,2,0.0,0.8955333333333333,2.1783881479173166
rankine_flip_ppc2_coefpic0_t4,flip,2,0.0,0.9132666666666667,2.220201072670697
rankine_flip_ppc2_coefpic0_t4,flip,2,0.0,0.931,2.2637628795109457
rankine_flip_ppc2_coefpic0_t4,flip,2,0.0,0.9487333333333333,2.3056124875843986
rankine_flip_ppc2_coefpic0_t4,flip,2,0.0,0.9664666666666667,2.345970965040913
rankine_flip_ppc2_coefpic0_t4,flip,2,0.0,0.9842,2.384830214642003
rankine_flip_ppc2_coefpic0_t4,flip,2,0.0,1.0019333333333333,2.4215761489169965
rankine_flip_ppc2_coefpic0_t4,flip,2,0.0,1.0196666666666667,2.4566470347551785
rankine_flip_ppc2_coefpic0_t4,flip,2,0.0,1.0373999999999999,2.491630391705266
rankine_flip_ppc2_coefpic0_t4,flip,2,0.0,1.0551333333333335,2.5246429228051155
rankine_flip_ppc2_coefpic0_t4,flip,2,0.0,1.0728666666666666,2.555455353886503
rankine_flip_ppc2_coefpic0_t4,flip,2,0.0,1.0906,2.5833790993671246
rankine_flip_ppc2_coefpic0_t4,flip,2,0.0,1.1083333333333334,2.606455295625729
rankine_flip_ppc2_coefpic0_t4,flip,2,0.0,1.1260666666666665,2.627024768426505
rankine_flip_ppc2_coefpic0_t4,flip,2,0.0,1.1438000000000001,2.645375962390966
rankine_flip_ppc2_coefpic0_t4,flip,2,0.0,1.1615333333333333,2.658879170390911
rankine_flip_ppc2_coefpic0_t4,flip,2,0.0,1.1792666666666667,2.668514462866956
rankine_flip_ppc2_coefpic0_t4,flip,2,0.0,1.197,2.6745539598850776
rankine_flip_ppc2_coefpic0_t4,flip,2,0.0,1.2147333333333332,2.6767091650019976
rankine_flip_ppc2_coefpic0_t4,flip,2,0.0,1.2324666666666668,2.6751230734116196
rankine_flip_ppc2_coefpic0_t4,flip,2,0.0,1.2502,2.6698905167271723
rankine_flip_ppc2_coefpic0_t4,flip,2,0.0,1.2679333333333334,2.6605931433372247
rankine_flip_ppc2_coefpic0_t4,flip,2,0.0,1.2856666666666667,2.6485456458956222
rankine_flip_ppc2_coefpic0_t4,flip,2,0.0,1.3034,2.6338671847777535
rankine_flip_ppc2_coefpic0_t4,flip,2,0.0,1.3211333333333335,2.61737694632141
rankine_flip_ppc2_coefpic0_t4,flip,2,0.0,1.3388666666666666,2.5979482332424637
rankine_flip_ppc2_coefpic0_t4,flip,2,0.0,1.3566,2.576836855453426
rankine_flip_ppc2_coefpic0_t4,flip,2,0.0,1.3743333333333334,2.5541431899102207
rankine_flip_ppc2_coefpic0_t4,flip,2,0.0,1.3920666666666666,2.528632911537359
rankine_flip_ppc2_coefpic0_t4,flip,2,0.0,1.4098000000000002,2.502826804760675
rankine_flip_ppc2_coefpic0_t4,flip,2,0.0,1.4275333333333333,2.476845590109692
rankine_flip_ppc2_coefpic0_t4,flip,2,0.0,1.4452666666666667,2.452108023151655
rankine_flip_ppc2_coefpic0_t4,flip,2,0.0,1.463,2.426965949222974
rankine_flip_ppc2_coefpic0_t4,flip,2,0.0,1.4807333333333332,2.401181913234586
rankine_flip_ppc2_coefpic0_t4,flip,2,0.0,1.4984666666666668,2.3753683980798193
rankine_flip_ppc2_coefpic0_t4,flip,2,0.0,1.5162,2.3494604718319403
rankine_flip_ppc2_coefpic0_t4,flip,2,0.0,1.5339333333333334,2.323872948123469
rankine_flip_ppc2_coefpic0_t4,flip,2,0.0,1.5516666666666667,2.299058390472684
rankine_flip_ppc2_coefpic0_t4,flip,2,0.0,1.5694,2.2740944398523397
rankine_flip_ppc2_coefpic0_t4,flip,2,0.0,1.5871333333333335,2.2496836774732705
rankine_flip_ppc2_coefpic0_t4,flip,2,0.0,1.6048666666666667,2.22566781421451
rankine_flip_ppc2_coefpic0_t4,flip,2,0.0,1.6226,2.2025076939099075
rankine_flip_ppc2_coefpic0_t4,flip,2,0.0,1.6403333333333334,2.1799162813130613
rankine_flip_ppc2_coefpic0_t4,flip,2,0.0,1.6580666666666666,2.157329438245116
rankine_flip_ppc2_coefpic0_t4,flip,2,0.0,1.6758000000000002,2.1343032666028563
rankine_flip_ppc2_coefpic0_t4,flip,2,0.0,1.6935333333333333,2.1120075948810038
rankine_flip_ppc2_coefpic0_t4,flip,2,0.0,1.7112666666666665,2.0906638412727463
rankine_flip_ppc2_coefpic0_t4,flip,2,0.0,1.729,2.070516138291408
rankine_flip_ppc2_coefpic0_t4,flip,2,0.0,1.7467333333333332,2.0497670457656483
rankine_flip_ppc2_coefpic0_t4,flip,2,0.0,1.7644666666666668,2.0292453739500735
rankine_flip_ppc2_coefpic0_t4,flip,2,0.0,1.7822,2.0095559788356088
rankine_flip_ppc2_coefpic0_t4,flip,2,0.0,1.7999333333333332,1.9906820683040969
rankine_flip_ppc2_coefpic0_t4,flip,2,0.0,1.8176666666666668,1.9719343909066067
rankine_flip_ppc2_coefpic0_t4,flip,2,0.0,1.8354,1.9527192587622597
rankine_flip_ppc2_coefpic0_t4,flip,2,0.0,1.8531333333333335,1.9340508972191714
rankine_flip_ppc2_coefpic0_t4,flip,2,0.0,1.8708666666666667,1.9159242520490953
rankine_flip_ppc2_coefpic0_t4,flip,2,0.0,1.8885999999999998,1.8980703879686547
rankine_flip_ppc2_coefpic0_t4,flip,2,0.0,1.9063333333333334,1.8808397444254679
rankine_flip_ppc2_coefpic0_t4,flip,2,0.0,1.9240666666666666,1.8637229184374406
rankine_flip_ppc2_coefpic0_t4,flip,2,0.0,1.9418000000000002,1.8470170846214249
rankine_flip_ppc2_coefpic0_t4,flip,2,0.0,1.9595333333333333,1.8309309952273125
rankine_flip_ppc2_coefpic0_t4,flip,2,0.0,1.9772666666666665,1.8147378391190623
rankine_flip_ppc2_coefpic0_t4,flip,2,0.0,1.995,1.7981772535201928
rankine_flip_ppc2_coefpic0_t4,flip,2,0.0,2.0127333333333333,1.7825909692052275
rankine_flip_ppc2_coefpic0_t4,flip,2,0.0,2.0304666666666664,1.7670385618740387
rankine_flip_ppc2_coefpic0_t4,flip,2,0.0,2.0482,1.7510855091329078
rankine_flip_ppc2_coefpic0_t4,flip,2,0.0,2.0659333333333336,1.7364333098518212
rankine_flip_ppc2_coefpic0_t4,flip,2,0.0,2.083666666666667,1.7224635165432045
rankine_flip_ppc2_coefpic0_t4,flip,2,0.0,2.1014,1.7082493356199862
rankine_flip_ppc2_coefpic0_t4,flip,2,0.0,2.119133333333333,1.69367564060663
rankine_flip_ppc2_coefpic0_t4,flip,2,0.0,2.1368666666666667,1.679564315202298
rankine_flip_ppc2_coefpic0_t4,flip,2,0.0,2.1546000000000003,1.6661780989307364
rankine_flip_ppc2_coefpic0_t4,flip,2,0.0,2.1723333333333334,1.6529216291616615
rankine_flip_ppc2_coefpic0_t4,flip,2,0.0,2.1900666666666666,1.6390274228331954
rankine_flip_ppc2_coefpic0_t4,flip,2,0.0,2.2077999999999998,1.6250353297773912
rankine_flip_ppc2_coefpic0_t4,flip,2,0.0,2.2255333333333334,1.611442454817089
rankine_flip_ppc2_coefpic0_t4,flip,2,0.0,2.243266666666667,1.598592189912315
rankine_flip_ppc2_coefpic0_t4,flip,2,0.0,2.261,1.5848603066041518
rankine_flip_ppc2_coefpic0_t4,flip,2,0.0,2.2787333333333333,1.5714088085323366
rankine_flip_ppc2_coefpic0_t4,flip,2,0.0,2.2964666666666664,1.5564635108012106
rankine_flip_ppc2_coefpic0_t4,flip,2,0.0,2.3142,1.5402588837849975
rankine_flip_ppc2_coefpic0_t4,flip,2,0.0,2.3319333333333336,1.5225530233738243
rankine_flip_ppc2_coefpic0_t4,flip,2,0.0,2.349666666666667,1.5039670705069985
rankine_flip_ppc2_coefpic0_t4,flip,2,0.0,2.3674,1.4831212487983485
rankine_flip_ppc2_coefpic0_t4,flip,2,0.0,2.385133333333333,1.4583947850331327
rankine_flip_ppc2_coefpic0_t4,flip,2,0.0,2.4028666666666667,1.4301705864189487
rankine_flip_ppc2_coefpic0_t4,flip,2,0.0,2.4206000000000003,1.39817027197162
rankine_flip_ppc2_coefpic0_t4,flip,2,0.0,2.4383333333333335,1.36218978083482
rankine_flip_ppc2_coefpic0_t4,flip,2,0.0,2.4560666666666666,1.3166028932662588
rankine_flip_ppc2_coefpic0_t4,flip,2,0.0,2.4737999999999998,1.2636826003151738
rankine_flip_ppc2_coefpic0_t4,flip,2,0.0,2.4915333333333334,1.204610830342644
rankine_flip_ppc2_coefpic0_t4,flip,2,0.0,2.509266666666667,1.1354054284642847
rankine_flip_ppc2_coefpic0_t4,flip,2,0.0,2.527,1.0571238731507044
rankine_flip_ppc2_coefpic0_t4,flip,2,0.0,2.5447333333333333,0.9728603714433062
rankine_flip_ppc2_coefpic0_t4,flip,2,0.0,2.5624666666666664,0.8805244315846836
rankine_flip_ppc2_coefpic0_t4,flip,2,0.0,2.5802,0.7780038817049882
rankine_flip_ppc2_coefpic0_t4,flip,2,0.0,2.5979333333333336,0.6674998524289316
rankine_flip_ppc2_coefpic0_t4,flip,2,0.0,2.615666666666667,0.5489606055732897
rankine_flip_ppc2_coefpic0_t4,flip,2,0.0,2.6334,0.420055841224329
rankine_flip_ppc2_coefpic0_t4,flip,2,0.0,2.651133333333333,0.21332249553138816
rankine_flip_ppc2_coefpic0.01_t4,flip,2,0.01,0.008866666666666667,0.03296196819058457
rankine_flip_ppc2_coefpic0.01_t4,flip,2,0.01,0.0266,0.07438378597017478
rankine_flip_ppc2_coefpic0.01_t4,flip,2,0.01,0.044333333333333336,0.1132822913313168
rankine_flip_ppc2_coefpic0.01_t4,flip,2,0.01,0.062066666666666666,0.1588584469844987
rankine_flip_ppc2_coefpic0.01_t4,flip,2,0.01,0.07980000000000001,0.19825545032688086
rankine_flip_ppc2_coefpic0.01_t4,flip,2,0.01,0.09753333333333333,0.23481763661511676
rankine_flip_ppc2_coefpic0.01_t4,flip,2,0.01,0.11526666666666666,0.27787599180681355
rankine_flip_ppc2_coefpic0.01_t4,flip,2,0.01,0.133,0.3205010208026404
rankine_flip_ppc2_coefpic0.01_t4,flip,2,0.01,0.15073333333333333,0.36769878846266124
rankine_flip_ppc2_coefpic0.01_t4,flip,2,0.01,0.16846666666666665,0.417726880490988
rankine_flip_ppc2_coefpic0.01_t4,flip,2,0.01,0.1862,0.4595083724614019
rankine_flip_ppc2_coefpic0.01_t4,flip,2,0.01,0.20393333333333333,0.49900935278626585
rankine_flip_ppc2_coefpic0.01_t4,flip,2,0.01,0.22166666666666668,0.5416261702934659
rankine_flip_ppc2_coefpic0.01_t4,flip,2,0.01,0.2394,0.5818088344879675
rankine_flip_ppc2_coefpic0.01_t4,flip,2,0.01,0.2571333333333333,0.625826253890759
rankine_flip_ppc2_coefpic0.01_t4,flip,2,0.01,0.2748666666666667,0.6697470847106564
rankine_flip_ppc2_coefpic0.01_t4,flip,2,0.01,0.29259999999999997,0.7130982922398447
rankine_flip_ppc2_coefpic0.01_t4,flip,2,0.01,0.31033333333333335,0.7592004619388101
rankine_flip_ppc2_coefpic0.01_t4,flip,2,0.01,0.3280666666666667,0.802473336304519
rankine_flip_ppc2_coefpic0.01_t4,flip,2,0.01,0.3458,0.8427536638124397
rankine_flip_ppc2_coefpic0.01_t4,flip,2,0.01,0.3635333333333334,0.8844748299839934
rankine_flip_ppc2_coefpic0.01_t4,flip,2,0.01,0.38126666666666664,0.9269471706876306
rankine_flip_ppc2_coefpic0.01_t4,flip,2,0.01,0.399,0.9683945331232786
rankine_flip_ppc2_coefpic0.01_t4,flip,2,0.01,0.4167333333333333,1.014013502328316
rankine_flip_ppc2_coefpic0.01_t4,flip,2,0.01,0.43446666666666667,1.0586843556064087
rankine_flip_ppc2_coefpic0.01_t4,flip,2,0.01,0.45220000000000005,1.1013977548426874
rankine_flip_ppc2_coefpic0.01_t4,flip,2,0.01,0.4699333333333333,1.1461195492343705
rankine_flip_ppc2_coefpic0.01_t4,flip,2,0.01,0.4876666666666667,1.1887993520851732
rankine_flip_ppc2_coefpic0.01_t4,flip,2,0.01,0.5054,1.2315469648854322
rankine_flip_ppc2_coefpic0.01_t4,flip,2,0.01,0.5231333333333333,1.2751423586639525
rankine_flip_ppc2_coefpic0.01_t4,flip,2,0.01,0.5408666666666666,1.313195152686784
rankine_flip_ppc2_coefpic0.01_t4,flip,2,0.01,0.5586,1.3563381854737842
rankine_flip_ppc2_coefpic0.01_t4,flip,2,0.01,0.5763333333333334,1.401866263722953
rankine_flip_ppc2_coefpic0.01_t4,flip,2,0.01,0.5940666666666667,1.4463513077100665
rankine_flip_ppc2_coefpic0.01_t4,flip,2,0.01,0.6118,1.4903626822565268
rankine_flip_ppc2_coefpic0.01_t4,flip,2,0.01,0.6295333333333333,1.5330315574632303
rankine_flip_ppc2_coefpic0.01_t4,flip,2,0.01,0.6472666666666667,1.57604197864179
rankine_flip_ppc2_coefpic0.01_t4,flip,2,0.01,0.665,1.6195077582202346
rankine_flip_ppc2_coefpic0.01_t4,flip,2,0.01,0.6827333333333334,1.6630307217103277
rankine_flip_ppc2_coefpic0.01_t4,flip,2,0.01,0.7004666666666667,1.7050978353858295
rankine_flip_ppc2_coefpic0.01_t4,flip,2,0.01,0.7182,1.748520789712489
rankine_flip_ppc2_coefpic0.01_t4,flip,2,0.01,0.7359333333333333,1.7910003169337712
rankine_flip_ppc2_coefpic0.01_t4,flip,2,0.01,0.7536666666666667,1.8352588152823357
rankine_flip_ppc2_coefpic0.01_t4,flip,2,0.01,0.7714000000000001,1.8802400037396798
rankine_flip_ppc2_coefpic0.01_t4,flip,2,0.01,0.7891333333333334,1.9249474784198937
rankine_flip_ppc2_coefpic0.01_t4,flip,2,0.01,0.8068666666666666,1.9675760883423994
rankine_flip_ppc2_coefpic0.01_t4,flip,2,0.01,0.8246,2.009895960650826
rankine_flip_ppc2_coefpic0.01_t4,flip,2,0.01,0.8423333333333334,2.052238118898084
rankine_flip_ppc2_coefpic0.01_t4,flip,2,0.01,0.8600666666666666,2.092974600572575
rankine_flip_ppc2_coefpic0.01_t4,flip,2,0.01,0.8778,2.137360162062139
rankine_flip_ppc2_coefpic0.01_t4,flip,2,0.01,0.8955333333333333,2.1786887722521904
rankine_flip_ppc2_coefpic0.01_t4,flip,2,0.01,0.9132666666666667,2.220528362245359
rankine_flip_ppc2_coefpic0.01_t4,flip,2,0.01,0.931,2.263620382140574
rankine_flip_ppc2_coefpic0.01_t4,flip,2,0.01,0.9487333333333333,2.3059866645236533
rankine_flip_ppc2_coefpic0.01_t4,flip,2,0.01,0.9664666666666667,2.345774020624453
rankine_flip_ppc2_coefpic0.01_t4,flip,2,0.01,0.9842,2.38526113458681
rankine_flip_ppc2_coefpic0.01_t4,flip,2,0.01,1.0019333333333333,2.421932474126312
rankine_flip_ppc2_coefpic0.01_t4,flip,2,0.01,1.0196666666666667,2.4566047994337623
rankine_flip_ppc2_coefpic0.01_t4,flip,2,0.01,1.0373999999999999,2.491359209827156
rankine_flip_ppc2_coefpic0.01_t4,flip,2,0.01,1.0551333333333335,2.5238627621669774
rankine_flip_ppc2_coefpic0.01_t4,flip,2,0.01,1.0728666666666666,2.5549742649095566
rankine_flip_ppc2_coefpic0.01_t4,flip,2,0.01,1.0906,2.581920581369373
rankine_flip_ppc2_coefpic0.01_t4,flip,2,0.01,1.1083333333333334,2.605577122317773
rankine_flip_ppc2_coefpic0.01_t4,flip,2,0.01,1.1260666666666665,2.6271732687776
rankine_flip_ppc2_coefpic0.01_t4,flip,2,0.01,1.1438000000000001,2.645051332265329
rankine_flip_ppc2_coefpic0.01_t4,flip,2,0.01,1.1615333333333333,2.658010336992572
rankine_flip_ppc2_coefpic0.01_t4,flip,2,0.01,1.1792666666666667,2.6676234584061276
rankine_flip_ppc2_coefpic0.01_t4,flip,2,0.01,1.197,2.6735287839961557
rankine_flip_ppc2_coefpic0.01_t4,flip,2,0.01,1.2147333333333332,2.6760570235449728
rankine_flip_ppc2_coefpic0.01_t4,flip,2,0.01,1.2324666666666668,2.6746205718538585
rankine_flip_ppc2_coefpic0.01_t4,flip,2,0.01,1.2502,2.6693702895637794
rankine_flip_ppc2_coefpic0.01_t4,flip,2,0.01,1.2679333333333334,2.659940611684771
rankine_flip_ppc2_coefpic0.01_t4,flip,2,0.01,1.2856666666666667,2.6479260776241436
rankine_flip_ppc2_coefpic0.01_t4,flip,2,0.01,1.3034,2.633362243535211
rankine_flip_ppc2_coefpic0.01_t4,flip,2,0.01,1.3211333333333335,2.61707157014504
rankine_flip_ppc2_coefpic0.01_t4,flip,2,0.01,1.3388666666666666,2.5979940816897056
rankine_flip_ppc2_coefpic0.01_t4,flip,2,0.01,1.3566,2.5764198645434564
rankine_flip_ppc2_coefpic0.01_t4,flip,2,0.01,1.3743333333333334,2.553377055500078
rankine_flip_ppc2_coefpic0.01_t4,flip,2,0.01,1.3920666666666666,2.5281141673762617
rankine_flip_ppc2_coefpic0.01_t4,flip,2,0.01,1.4098000000000002,2.50295997451823
rankine_flip_ppc2_coefpic0.01_t4,flip,2,0.01,1.4275333333333333,2.476949645064833
rankine_flip_ppc2_coefpic0.01_t4,flip,2,0.01,1.4452666666666667,2.4523468261334993
rankine_flip_ppc2_coefpic0.01_t4,flip,2,0.01,1.463,2.427351220941901
rankine_flip_ppc2_coefpic0.01_t4,flip,2,0.01,1.4807333333333332,2.40184168668471
rankine_flip_ppc2_coefpic0.01_t4,flip,2,0.01,1.4984666666666668,2.375869347760146
rankine_flip_ppc2_coefpic0.01_t4,flip,2,0.01,1.5162,2.3499995664584574
rankine_flip_ppc2_coefpic0.01_t4,flip,2,0.01,1.5339333333333334,2.3247289382553897
rankine_flip_ppc2_coefpic0.01_t4,flip,2,0.01,1.5516666666666667,2.2993978173358767
rankine_flip_ppc2_coefpic0.01_t4,flip,2,0.01,1.5694,2.274141194145529
rankine_flip_ppc2_coefpic0.01_t4,flip,2,0.01,1.5871333333333335,2.249261236309286
rankine_flip_ppc2_coefpic0.01_t4,flip,2,0.01,1.6048666666666667,2.2252746913448904
rankine_flip_ppc2_coefpic0.01_t4,flip,2,0.01,1.6226,2.20237659786266
rankine_flip_ppc2_coefpic0.01_t4,flip,2,0.01,1.6403333333333334,2.1803639945455378
rankine_flip_ppc2_coefpic0.01_t4,flip,2,0.01,1.6580666666666666,2.1578852916942215
rankine_flip_ppc2_coefpic0.01_t4,flip,2,0.01,1.6758000000000002,2.134658074410656
rankine_flip_ppc2_coefpic0.01_t4,flip,2,0.01,1.6935333333333333,2.1121745089850323
rankine_flip_ppc2_coefpic0.01_t4,flip,2,0.01,1.7112666666666665,2.090852306267541
rankine_flip_ppc2_coefpic0.01_t4,flip,2,0.01,1.729,2.0705766269501846
rankine_flip_ppc2_coefpic0.01_t4,flip,2,0.01,1.7467333333333332,2.049517306466571
rankine_flip_ppc2_coefpic0.01_t4,flip,2,0.01,1.7644666666666668,2.029142864104044
rankine_flip_ppc2_coefpic0.01_t4,flip,2,0.01,1.7822,2.0097180570768
rankine_flip_ppc2_coefpic0.01_t4,flip,2,0.01,1.7999333333333332,1.9910706477499145
rankine_flip_ppc2_coefpic0.01_t4,flip,2,0.01,1.8176666666666668,1.9718209326551086
rankine_flip_ppc2_coefpic0.01_t4,flip,2,0.01,1.8354,1.9525982260047927
rankine_flip_ppc2_coefpic0.01_t4,flip,2,0.01,1.8531333333333335,1.9340307887451857
rankine_flip_ppc2_coefpic0.01_t4,flip,2,0.01,1.8708666666666667,1.9156394557415024
rankine_flip_ppc2_coefpic0.01_t4,flip,2,0.01,1.8885999999999998,1.8984562876001316
rankine_flip_ppc2_coefpic0.01_t4,flip,2,0.01,1.9063333333333334,1.8809327995616951
rankine_flip_ppc2_coefpic0.01_t4,flip,2,0.01,1.9240666666666666,1.8640613151904355
rankine_flip_ppc2_coefpic0.01_t4,flip,2,0.01,1.9418000000000002,1.847386600578382
rankine_flip_ppc2_coefpic0.01_t4,flip,2,0.01,1.9595333333333333,1.8311410971263538
rankine_flip_ppc2_coefpic0.01_t4,flip,2,0.01,1.9772666666666665,1.8144884532766323
rankine_flip_ppc2_coefpic0.01_t4,flip,2,0.01,1.995,1.7981530512656798
rankine_flip_ppc2_coefpic0.01_t4,flip,2,0.01,2.0127333333333333,1.7828125009556952
rankine_flip_ppc2_coefpic0.01_t4,flip,2,0.01,2.0304666666666664,1.7671110794521798
rankine_flip_ppc2_coefpic0.01_t4,flip,2,0.01,2.0482,1.7512952867782023
rankine_flip_ppc2_coefpic0.01_t4,flip,2,0.01,2.0659333333333336,1.7366835778977106
rankine_flip_ppc2_coefpic0.01_t4,flip,2,0.01,2.083666666666667,1.7225490963083858
rankine_flip_ppc2_coefpic0.01_t4,flip,2,0.01,2.1014,1.7082158777750858
rankine_flip_ppc2_coefpic0.01_t4,flip,2,0.01,2.119133333333333,1.6938122003047904
rankine_flip_ppc2_coefpic0.01_t4,flip,2,0.01,2.1368666666666667,1.6801575271063474
rankine_flip_ppc2_coefpic0.01_t4,flip,2,0.01,2.1546000000000003,1.6663225008225977
rankine_flip_ppc2_coefpic0.01_t4,flip,2,0.01,2.1723333333333334,1.6527384617243228
rankine_flip_ppc2_coefpic0.01_t4,flip,2,0.01,2.1900666666666666,1.6389382827109755
rankine_flip_ppc2_coefpic0.01_t4,flip,2,0.01,2.2077999999999998,1.6250751493885822
rankine_flip_ppc2_coefpic0.01_t4,flip,2,0.01,2.2255333333333334,1.6115028293837383
rankine_flip_ppc2_coefpic0.01_t4,flip,2,0.01,2.243266666666667,1.5983090787053176
rankine_flip_ppc2_coefpic0.01_t4,flip,2,0.01,2.261,1.5851583153350404
rankine_flip_ppc2_coefpic0.01_t4,flip,2,0.01,2.2787333333333333,1.5711351409740175
rankine_flip_ppc2_coefpic0.01_t4,flip,2,0.01,2.2964666666666664,1.5562501949201557
rankine_flip_ppc2_coefpic0.01_t4,flip,2,0.01,2.3142,1.5400391186009497
rankine_flip_ppc2_coefpic0.01_t4,flip,2,0.01,2.3319333333333336,1.5224585551954486
rankine_flip_ppc2_coefpic0.01_t4,flip,2,0.01,2.349666666666667,1.5039838006828978
rankine_flip_ppc2_coefpic0.01_t4,flip,2,0.01,2.3674,1.4832368491313028
rankine_flip_ppc2_coefpic0.01_t4,flip,2,0.01,2.385133333333333,1.458493026610556
rankine_flip_ppc2_coefpic0.01_t4,flip,2,0.01,2.4028666666666667,1.4303979342939666
rankine_flip_ppc2_coefpic0.01_t4,flip,2,0.01,2.4206000000000003,1.398959702891469
rankine_flip_ppc2_coefpic0.01_t4,flip,2,0.01,2.4383333333333335,1.3626254194429994
rankine_flip_ppc2_coefpic0.01_t4,flip,2,0.01,2.4560666666666666,1.3170853525684978
rankine_flip_ppc2_coefpic0.01_t4,flip,2,0.01,2.4737999999999998,1.263309333954031
rankine_flip_ppc2_coefpic0.01_t4,flip,2,0.01,2.4915333333333334,1.2043243448373049
rankine_flip_ppc2_coefpic0.01_t4,flip,2,0.01,2.509266666666667,1.135952795035014
rankine_flip_ppc2_coefpic0.01_t4,flip,2,0.01,2.527,1.057886362918779
rankine_flip_ppc2_coefpic0.01_t4,flip,2,0.01,2.5447333333333333,0.9721675219196448
rankine_flip_ppc2_coefpic0.01_t4,flip,2,0.01,2.5624666666666664,0.8789253902440605
rankine_flip_ppc2_coefpic0.01_t4,flip,2,0.01,2.5802,0.7761192620565637
rankine_flip_ppc2_coefpic0.01_t4,flip,2,0.01,2.5979333333333336,0.6614595615641131
rankine_flip_ppc2_coefpic0.01_t4,flip,2,0.01,2.615666666666667,0.537623218010379
rankine_flip_ppc2_coefpic0.01_t4,flip,2,0.01,2.6334,0.40891060709152965
rankine_flip_ppc2_coefpic0.01_t4,flip,2,0.01,2.651133333333333,0.20688630012493428
rankine_flip_ppc2_coefpic0.05_t4,flip,2,0.05,0.008866666666666667,0.03197951029338517
rankine_flip_ppc2_coefpic0.05_t4,flip,2,0.05,0.0266,0.07620459308279433
rankine_flip_ppc2_coefpic0.05_t4,flip,2,0.05,0.044333333333333336,0.11966747458332987
rankine_flip_ppc2_coefpic0.05_t4,flip,2,0.05,0.062066666666666666,0.15993424124971228
rankine_flip_ppc2_coefpic0.05_t4,flip,2,0.05,0.07980000000000001,0.19591524321607007
rankine_flip_ppc2_coefpic0.05_t4,flip,2,0.05,0.09753333333333333,0.23338666943389372
rankine_flip_ppc2_coefpic0.05_t4,flip,2,0.05,0.11526666666666666,0.2752556415745374
rankine_flip_ppc2_coefpic0.05_t4,flip,2,0.05,0.133,0.32003712301768683
rankine_flip_ppc2_coefpic0.05_t4,flip,2,0.05,0.15073333333333333,0.3669945932435595
rankine_flip_ppc2_coefpic0.05_t4,flip,2,0.05,0.16846666666666665,0.4178780821549326
rankine_flip_ppc2_coefpic0.05_t4,flip,2,0.05,0.1862,0.45873983474932845
rankine_flip_ppc2_coefpic0.05_t4,flip,2,0.05,0.20393333333333333,0.49990176588074176
rankine_flip_ppc2_coefpic0.05_t4,flip,2,0.05,0.22166666666666668,0.5434526572723148
rankine_flip_ppc2_coefpic0.05_t4,flip,2,0.05,0.2394,0.5837656074672463
rankine_flip_ppc2_coefpic0.05_t4,flip,2,0.05,0.2571333333333333,0.6250372876309581
rankine_flip_ppc2_coefpic0.05_t4,flip,2,0.05,0.2748666666666667,0.6691637057628108
rankine_flip_ppc2_coefpic0.05_t4,flip,2,0.05,0.29259999999999997,0.7130027209617845
rankine_flip_ppc2_coefpic0.05_t4,flip,2,0.05,0.31033333333333335,0.7580237924185628
rankine_flip_ppc2_coefpic0.05_t4,flip,2,0.05,0.3280666666666667,0.8036880517932454
rankine_flip_ppc2_coefpic0.05_t4,flip,2,0.05,0.3458,0.8432797383732961
rankine_flip_ppc2_coefpic0.05_t4,flip,2,0.05,0.3635333333333334,0.8854310431416322
rankine_flip_ppc2_coefpic0.05_t4,flip,2,0.05,0.38126666666666664,0.9278533774779159
rankine_flip_ppc2_coefpic0.05_t4,flip,2,0.05,0.399,0.9668961382811943
rankine_flip_ppc2_coefpic0.05_t4,flip,2,0.05,0.4167333333333333,1.0133576603363281
rankine_flip_ppc2_coefpic0.05_t4,flip,2,0.05,0.43446666666666667,1.0591537695683395
rankine_flip_ppc2_coefpic0.05_t4,flip,2,0.05,0.45220000000000005,1.1014975705103596
rankine_flip_ppc2_coefpic0.05_t4,flip,2,0.05,0.4699333333333333,1.1454812356235335
rankine_flip_ppc2_coefpic0.05_t4,flip,2,0.05,0.4876666666666667,1.1886561989805153
rankine_flip_ppc2_coefpic0.05_t4,flip,2,0.05,0.5054,1.2319103218187462
rankine_flip_ppc2_coefpic0.05_t4,flip,2,0.05,0.5231333333333333,1.274313719004178
rankine_flip_ppc2_coefpic0.05_t4,flip,2,0.05,0.5408666666666666,1.3125919325488238
rankine_flip_ppc2_coefpic0.05_t4,flip,2,0.05,0.5586,1.3567062973676436
rankine_flip_ppc2_coefpic0.05_t4,flip,2,0.05,0.5763333333333334,1.4021494404475832
rankine_flip_ppc2_coefpic0.05_t4,flip,2,0.05,0.5940666666666667,1.4476452408837865
rankine_flip_ppc2_coefpic0.05_t4,flip,2,0.05,0.6118,1.4916627020128592
rankine_flip_ppc2_coefpic0.05_t4,flip,2,0.05,0.6295333333333333,1.533736508753416
rankine_flip_ppc2_coefpic0.05_t4,flip,2,0.05,0.6472666666666667,1.5771718443822613
rankine_flip_ppc2_coefpic0.05_t4,flip,2,0.05,0.665,1.6215254620931585
rankine_flip_ppc2_coefpic0.05_t4,flip,2,0.05,0.6827333333333334,1.6650136670711495
rankine_flip_ppc2_coefpic0.05_t4,flip,2,0.05,0.7004666666666667,1.7052490603324202
rankine_flip_ppc2_coefpic0.05_t4,flip,2,0.05,0.7182,1.7479767824344987
rankine_flip_ppc2_coefpic0.05_t4,flip,2,0.05,0.7359333333333333,1.7912618273595589
rankine_flip_ppc2_coefpic0.05_t4,flip,2,0.05,0.7536666666666667,1.834062709646397
rankine_flip_ppc2_coefpic0.05_t4,flip,2,0.05,0.7714000000000001,1.8790490701349944
rankine_flip_ppc2_coefpic0.05_t4,flip,2,0.05,0.7891333333333334,1.9252641124576857
rankine_flip_ppc2_coefpic0.05_t4,flip,2,0.05,0.8068666666666666,1.966708218401062
rankine_flip_ppc2_coefpic0.05_t4,flip,2,0.05,0.8246,2.0090207532693034
rankine_flip_ppc2_coefpic0.05_t4,flip,2,0.05,0.8423333333333334,2.050880209462699
rankine_flip_ppc2_coefpic0.05_t4,flip,2,0.05,0.8600666666666666,2.093562758916668
rankine_flip_ppc2_coefpic0.05_t4,flip,2,0.05,0.8778,2.1372234590669095
rankine_flip_ppc2_coefpic0.05_t4,flip,2,0.05,0.8955333333333333,2.1784645390216855
rankine_flip_ppc2_coefpic0.05_t4,flip,2,0.05,0.9132666666666667,2.2201943133790953
rankine_flip_ppc2_coefpic0.05_t4,flip,2,0.05,0.931,2.264171844892355
rankine_flip_ppc2_coefpic0.05_t4,flip,2,0.05,0.9487333333333333,2.3060450065123987
rankine_flip_ppc2_coefpic0.05_t4,flip,2,0.05,0.9664666666666667,2.3461063889031397
rankine_flip_ppc2_coefpic0.05_t4,flip,2,0.05,0.9842,2.3853820643476276
rankine_flip_ppc2_coefpic0.05_t4,flip,2,0.05,1.0019333333333333,2.4220726704810422
rankine_flip_ppc2_coefpic0.05_t4,flip,2,0.05,1.0196666666666667,2.456453097298344
rankine_flip_ppc2_coefpic0.05_t4,flip,2,0.05,1.0373999999999999,2.4914850375566817
rankine_flip_ppc2_coefpic0.05_t4,flip,2,0.05,1.0551333333333335,2.523817567573498
rankine_flip_ppc2_coefpic0.05_t4,flip,2,0.05,1.0728666666666666,2.554513329343363
rankine_flip_ppc2_coefpic0.05_t4,flip,2,0.05,1.0906,2.582130298764918
rankine_flip_ppc2_coefpic0.05_t4,flip,2,0.05,1.1083333333333334,2.6060327497917526
rankine_flip_ppc2_coefpic0.05_t4,flip,2,0.05,1.1260666666666665,2.627196738721182
rankine_flip_ppc2_coefpic0.05_t4,flip,2,0.05,1.1438000000000001,2.6450730066042607
rankine_flip_ppc2_coefpic0.05_t4,flip,2,0.05,1.1615333333333333,2.65869574024053
rankine_flip_ppc2_coefpic0.05_t4,flip,2,0.05,1.1792666666666667,2.667826522919857
rankine_flip_ppc2_coefpic0.05_t4,flip,2,0.05,1.197,2.6736794399314827
rankine_flip_ppc2_coefpic0.05_t4,flip,2,0.05,1.2147333333333332,2.675870148661464
rankine_flip_ppc2_coefpic0.05_t4,flip,2,0.05,1.2324666666666668,2.674149582673559
rankine_flip_ppc2_coefpic0.05_t4,flip,2,0.05,1.2502,2.66897085291339
rankine_flip_ppc2_coefpic0.05_t4,flip,2,0.05,1.2679333333333334,2.6602506964405803
rankine_flip_ppc2_coefpic0.05_t4,flip,2,0.05,1.2856666666666667,2.6482693341284405
rankine_flip_ppc2_coefpic0.05_t4,flip,2,0.05,1.3034,2.6334249863077317
rankine_flip_ppc2_coefpic0.05_t4,flip,2,0.05,1.3211333333333335,2.616908983838519
rankine_flip_ppc2_coefpic0.05_t4,flip,2,0.05,1.3388666666666666,2.5975000128779495
rankine_flip_ppc2_coefpic0.05_t4,flip,2,0.05,1.3566,2.576156760057432
rankine_flip_ppc2_coefpic0.05_t4,flip,2,0.05,1.3743333333333334,2.5532257218069514
rankine_flip_ppc2_coefpic0.05_t4,flip,2,0.05,1.3920666666666666,2.528118578863362
rankine_flip_ppc2_coefpic0.05_t4,flip,2,0.05,1.4098000000000002,2.5025599681211865
rankine_flip_ppc2_coefpic0.05_t4,flip,2,0.05,1.4275333333333333,2.4771656835135247
rankine_flip_ppc2_coefpic0.05_t4,flip,2,0.05,1.4452666666666667,2.452367063580858
rankine_flip_ppc2_coefpic0.05_t4,flip,2,0.05,1.463,2.4273887184290914
rankine_flip_ppc2_coefpic0.05_t4,flip,2,0.05,1.4807333333333332,2.401345723055391
rankine_flip_ppc2_coefpic0.05_t4,flip,2,0.05,1.4984666666666668,2.3753323707528633
rankine_flip_ppc2_coefpic0.05_t4,flip,2,0.05,1.5162,2.3493140589111006
rankine_flip_ppc2_coefpic0.05_t4,flip,2,0.05,1.5339333333333334,2.3239535633174544
rankine_flip_ppc2_coefpic0.05_t4,flip,2,0.05,1.5516666666666667,2.298815388374383
rankine_flip_ppc2_coefpic0.05_t4,flip,2,0.05,1.5694,2.274500692255507
rankine_flip_ppc2_coefpic0.05_t4,flip,2,0.05,1.5871333333333335,2.2496030390149593
rankine_flip_ppc2_coefpic0.05_t4,flip,2,0.05,1.6048666666666667,2.225272712613179
rankine_flip_ppc2_coefpic0.05_t4,flip,2,0.05,1.6226,2.2023968630654784
rankine_flip_ppc2_coefpic0.05_t4,flip,2,0.05,1.6403333333333334,2.1799443118268136
rankine_flip_ppc2_coefpic0.05_t4,flip,2,0.05,1.6580666666666666,2.1575192009356003
rankine_flip_ppc2_coefpic0.05_t4,flip,2,0.05,1.6758000000000002,2.134759440781269
rankine_flip_ppc2_coefpic0.05_t4,flip,2,0.05,1.6935333333333333,2.111755130151684
rankine_flip_ppc2_coefpic0.05_t4,flip,2,0.05,1.7112666666666665,2.0905704025342784
rankine_flip_ppc2_coefpic0.05_t4,flip,2,0.05,1.729,2.0700476861372072
rankine_flip_ppc2_coefpic0.05_t4,flip,2,0.05,1.7467333333333332,2.049077298810759
rankine_flip_ppc2_coefpic0.05_t4,flip,2,0.05,1.7644666666666668,2.029238449850011
rankine_flip_ppc2_coefpic0.05_t4,flip,2,0.05,1.7822,2.0097365623418453
rankine_flip_ppc2_coefpic0.05_t4,flip,2,0.05,1.7999333333333332,1.9906088834023905
rankine_flip_ppc2_coefpic0.05_t4,flip,2,0.05,1.8176666666666668,1.9712419085059694
rankine_flip_ppc2_coefpic0.05_t4,flip,2,0.05,1.8354,1.9523127847145683
rankine_flip_ppc2_coefpic0.05_t4,flip,2,0.05,1.8531333333333335,1.9338348132898513
rankine_flip_ppc2_coefpic0.05_t4,flip,2,0.05,1.8708666666666667,1.9155181581805671
rankine_flip_ppc2_coefpic0.05_t4,flip,2,0.05,1.8885999999999998,1.898032721153291
rankine_flip_ppc2_coefpic0.05_t4,flip,2,0.05,1.9063333333333334,1.8805133247541135
rankine_flip_ppc2_coefpic0.05_t4,flip,2,0.05,1.9240666666666666,1.8635777141508587
rankine_flip_ppc2_coefpic0.05_t4,flip,2,0.05,1.9418000000000002,1.8471582469983805
rankine_flip_ppc2_coefpic0.05_t4,flip,2,0.05,1.9595333333333333,1.8309585358740326
rankine_flip_ppc2_coefpic0.05_t4,flip,2,0.05,1.9772666666666665,1.8143517982185209
rankine_flip_ppc2_coefpic0.05_t4,flip,2,0.05,1.995,1.7980690072795835
rankine_flip_ppc2_coefpic0.05_t4,flip,2,0.05,2.0127333333333333,1.7825774906009968
rankine_flip_ppc2_coefpic0.05_t4,flip,2,0.05,2.0304666666666664,1.7669227270291585
rankine_flip_ppc2_coefpic0.05_t4,flip,2,0.05,2.0482,1.7511701450104684
rankine_flip_ppc2_coefpic0.05_t4,flip,2,0.05,2.0659333333333336,1.736411930484513
rankine_flip_ppc2_coefpic0.05_t4,flip,2,0.05,2.083666666666667,1.7224243620518482
rankine_flip_ppc2_coefpic0.05_t4,flip,2,0.05,2.1014,1.7081525190374094
rankine_flip_ppc2_coefpic0.05_t4,flip,2,0.05,2.119133333333333,1.6936379786854021
rankine_flip_ppc2_coefpic0.05_t4,flip,2,0.05,2.1368666666666667,1.6798794800997292
rankine_flip_ppc2_coefpic0.05_t4,flip,2,0.05,2.1546000000000003,1.6661945420507065
rankine_flip_ppc2_coefpic0.05_t4,flip,2,0.05,2.1723333333333334,1.6526098052737992
rankine_flip_ppc2_coefpic0.05_t4,flip,2,0.05,2.1900666666666666,1.6387412386094238
rankine_flip_ppc2_coefpic0.05_t4,flip,2,0.05,2.2077999999999998,1.6249332970535337
rankine_flip_ppc2_coefpic0.05_t4,flip,2,0.05,2.2255333333333334,1.6115200813958512
rankine_flip_ppc2_coefpic0.05_t4,flip,2,0.05,2.243266666666667,1.5983295073451609
rankine_flip_ppc2_coefpic0.05_t4,flip,2,0.05,2.261,1.5849412515196932
rankine_flip_ppc2_coefpic0.05_t4,flip,2,0.05,2.2787333333333333,1.5713579722235724
rankine_flip_ppc2_coefpic0.05_t4,flip,2,0.05,2.2964666666666664,1.5565696839400494
rankine_flip_ppc2_coefpic0.05_t4,flip,2,0.05,2.3142,1.5401993264599259
rankine_flip_ppc2_coefpic0.05_t4,flip,2,0.05,2.3319333333333336,1.52252209497506
rankine_flip_ppc2_coefpic0.05_t4,flip,2,0.05,2.349666666666667,1.5039492289607121
rankine_flip_ppc2_coefpic0.05_t4,flip,2,0.05,2.3674,1.4823008725475237
rankine_flip_ppc2_coefpic0.05_t4,flip,2,0.05,2.385133333333333,1.4581136693586052
rankine_flip_ppc2_coefpic0.05_t4,flip,2,0.05,2.4028666666666667,1.4301155811474293
rankine_flip_ppc2_coefpic0.05_t4,flip,2,0.05,2.4206000000000003,1.397769275490114
rankine_flip_ppc2_coefpic0.05_t4,flip,2,0.05,2.4383333333333335,1.3615250177118008
rankine_flip_ppc2_coefpic0.05_t4,flip,2,0.05,2.4560666666666666,1.3160359664640269
rankine_flip_ppc2_coefpic0.05_t4,flip,2,0.05,2.4737999999999998,1.262370556063451
rankine_flip_ppc2_coefpic0.05_t4,flip,2,0.05,2.4915333333333334,1.2030082707927252
rankine_flip_ppc2_coefpic0.05_t4,flip,2,0.05,2.509266666666667,1.1324040237604391
rankine_flip_ppc2_coefpic0.05_t4,flip,2,0.05,2.527,1.0546854374381096
rankine_flip_ppc2_coefpic0.05_t4,flip,2,0.05,2.5447333333333333,0.968866639231077
rankine_flip_ppc2_coefpic0.05_t4,flip,2,0.05,2.5624666666666664,0.8754820407366735
rankine_flip_ppc2_coefpic0.05_t4,flip,2,0.05,2.5802,0.7743292044116002
rankine_flip_ppc2_coefpic0.05_t4,flip,2,0.05,2.5979333333333336,0.6612556918665976
rankine_flip_ppc2_coefpic0.05_t4,flip,2,0.05,2.615666666666667,0.5413655659739743
rankine_flip_ppc2_coefpic0.05_t4,flip,2,0.05,2.6334,0.4148676307337638
rankine_flip_ppc2_coefpic0.05_t4,flip,2,0.05,2.651133333333333,0.2122365180728185
rankine_flip_ppc2_coefpic0.1_t4,flip,2,0.1,0.008866666666666667,0.03213435740322388
rankine_flip_ppc2_coefpic0.1_t4,flip,2,0.1,0.0266,0.07620977759182429
rankine_flip_ppc2_coefpic0.1_t4,flip,2,0.1,0.044333333333333336,0.11806455073802695
rankine_flip_ppc2_coefpic0.1_t4,flip,2,0.1,0.062066666666666666,0.15955132214787981
rankine_flip_ppc2_coefpic0.1_t4,flip,2,0.1,0.07980000000000001,0.19578403766313324
rankine_flip_ppc2_coefpic0.1_t4,flip,2,0.1,0.09753333333333333,0.23145043880786378
rankine_flip_ppc2_coefpic0.1_t4,flip,2,0.1,0.11526666666666666,0.2781483076808233
rankine_flip_ppc2_coefpic0.1_t4,flip,2,0.1,0.133,0.3246274257186224
rankine_flip_ppc2_coefpic0.1_t4,flip,2,0.1,0.15073333333333333,0.3692383065619591
rankine_flip_ppc2_coefpic0.1_t4,flip,2,0.1,0.16846666666666665,0.4175058016856383
rankine_flip_ppc2_coefpic0.1_t4,flip,2,0.1,0.1862,0.45666479322527437
rankine_flip_ppc2_coefpic0.1_t4,flip,2,0.1,0.20393333333333333,0.49742078441339793
rankine_flip_ppc2_coefpic0.1_t4,flip,2,0.1,0.22166666666666668,0.5430625051029827
rankine_flip_ppc2_coefpic0.1_t4,flip,2,0.1,0.2394,0.5840301226421539
rankine_flip_ppc2_coefpic0.1_t4,flip,2,0.1,0.2571333333333333,0.6269879970567299
rankine_flip_ppc2_coefpic0.1_t4,flip,2,0.1,0.2748666666666667,0.6705085379155429
rankine_flip_ppc2_coefpic0.1_t4,flip,2,0.1,0.29259999999999997,0.713228224780613
rankine_flip_ppc2_coefpic0.1_t4,flip,2,0.1,0.31033333333333335,0.7590215555904763
rankine_flip_ppc2_coefpic0.1_t4,flip,2,0.1,0.3280666666666667,0.802916434750226
rankine_flip_ppc2_coefpic0.1_t4,flip,2,0.1,0.3458,0.8427577979665627
rankine_flip_ppc2_coefpic0.1_t4,flip,2,0.1,0.3635333333333334,0.884491175963071
rankine_flip_ppc2_coefpic0.1_t4,flip,2,0.1,0.38126666666666664,0.9270702430276282
rankine_flip_ppc2_coefpic0.1_t4,flip,2,0.1,0.399,0.9676197258337123
rankine_flip_ppc2_coefpic0.1_t4,flip,2,0.1,0.4167333333333333,1.0130330429958545
rankine_flip_ppc2_coefpic0.1_t4,flip,2,0.1,0.43446666666666667,1.0583187298365009
rankine_flip_ppc2_coefpic0.1_t4,flip,2,0.1,0.45220000000000005,1.1007747394716778
rankine_flip_ppc2_coefpic0.1_t4,flip,2,0.1,0.4699333333333333,1.1452441685837493
rankine_flip_ppc2_coefpic0.1_t4,flip,2,0.1,0.4876666666666667,1.1893449815796024
rankine_flip_ppc2_coefpic0.1_t4,flip,2,0.1,0.5054,1.2334261081010598
rankine_flip_ppc2_coefpic0.1_t4,flip,2,0.1,0.5231333333333333,1.2752608750108452
rankine_flip_ppc2_coefpic0.1_t4,flip,2,0.1,0.5408666666666666,1.313520371832234
rankine_flip_ppc2_coefpic0.1_t4,flip,2,0.1,0.5586,1.356273170533951
rankine_flip_ppc2_coefpic0.1_t4,flip,2,0.1,0.5763333333333334,1.4032112489487278
rankine_flip_ppc2_coefpic0.1_t4,flip,2,0.1,0.5940666666666667,1.446717471925388
rankine_flip_ppc2_coefpic0.1_t4,flip,2,0.1,0.6118,1.4907919220560149
rankine_flip_ppc2_coefpic0.1_t4,flip,2,0.1,0.6295333333333333,1.5332403840938549
rankine_flip_ppc2_coefpic0.1_t4,flip,2,0.1,0.6472666666666667,1.5763391333184888
rankine_flip_ppc2_coefpic0.1_t4,flip,2,0.1,0.665,1.6203935612443976
rankine_flip_ppc2_coefpic0.1_t4,flip,2,0.1,0.6827333333333334,1.6636168093923391
rankine_flip_ppc2_coefpic0.1_t4,flip,2,0.1,0.7004666666666667,1.7045832271988781
rankine_flip_ppc2_coefpic0.1_t4,flip,2,0.1,0.7182,1.74695581531366
rankine_flip_ppc2_coefpic0.1_t4,flip,2,0.1,0.7359333333333333,1.7903766678739799
rankine_flip_ppc2_coefpic0.1_t4,flip,2,0.1,0.7536666666666667,1.8331029200979043
rankine_flip_ppc2_coefpic0.1_t4,flip,2,0.1,0.7714000000000001,1.8789726479167372
rankine_flip_ppc2_coefpic0.1_t4,flip,2,0.1,0.7891333333333334,1.9241750517043121
rankine_flip_ppc2_coefpic0.1_t4,flip,2,0.1,0.8068666666666666,1.9666053047009266
rankine_flip_ppc2_coefpic0.1_t4,flip,2,0.1,0.8246,2.0090380975471747
rankine_flip_ppc2_coefpic0.1_t4,flip,2,0.1,0.8423333333333334,2.0512310353618406
rankine_flip_ppc2_coefpic0.1_t4,flip,2,0.1,0.8600666666666666,2.0925877929156913
rankine_flip_ppc2_coefpic0.1_t4,flip,2,0.1,0.8778,2.1372919315694117
rankine_flip_ppc2_coefpic0.1_t4,flip,2,0.1,0.8955333333333333,2.179559458254412
rankine_flip_ppc2_coefpic0.1_t4,flip,2,0.1,0.9132666666666667,2.2202027532600006
rankine_flip_ppc2_coefpic0.1_t4,flip,2,0.1,0.931,2.2641632242239367
rankine_flip_ppc2_coefpic0.1_t4,flip,2,0.1,0.9487333333333333,2.3058478538880616
rankine_flip_ppc2_coefpic0.1_t4,flip,2,0.1,0.9664666666666667,2.3458302885191493
rankine_flip_ppc2_coefpic0.1_t4,flip,2,0.1,0.9842,2.385481988622319
rankine_flip_ppc2_coefpic0.1_t4,flip,2,0.1,1.0019333333333333,2.42238631804328
rankine_flip_ppc2_coefpic0.1_t4,flip,2,0.1,1.0196666666666667,2.4567094144891124
rankine_flip_ppc2_coefpic0.1_t4,flip,2,0.1,1.0373999999999999,2.4918777435727875
rankine_flip_ppc2_coefpic0.1_t4,flip,2,0.1,1.0551333333333335,2.5257886075579217
rankine_flip_ppc2_coefpic0.1_t4,flip,2,0.1,1.0728666666666666,2.555938276881933
rankine_flip_ppc2_coefpic0.1_t4,flip,2,0.1,1.0906,2.58288401721288
rankine_flip_ppc2_coefpic0.1_t4,flip,2,0.1,1.1083333333333334,2.6065876546578224
rankine_flip_ppc2_coefpic0.1_t4,flip,2,0.1,1.1260666666666665,2.627814732428149
rankine_flip_ppc2_coefpic0.1_t4,flip,2,0.1,1.1438000000000001,2.6452272627993407
rankine_flip_ppc2_coefpic0.1_t4,flip,2,0.1,1.1615333333333333,2.659093804179917
rankine_flip_ppc2_coefpic0.1_t4,flip,2,0.1,1.1792666666666667,2.668936162483661
rankine_flip_ppc2_coefpic0.1_t4,flip,2,0.1,1.197,2.6748575008381237
rankine_flip_ppc2_coefpic0.1_t4,flip,2,0.1,1.2147333333333332,2.677226721057611
rankine_flip_ppc2_coefpic0.1_t4,flip,2,0.1,1.2324666666666668,2.675359664168989
rankine_flip_ppc2_coefpic0.1_t4,flip,2,0.1,1.2502,2.669907930723027
rankine_flip_ppc2_coefpic0.1_t4,flip,2,0.1,1.2679333333333334,2.6608865642136887
rankine_flip_ppc2_coefpic0.1_t4,flip,2,0.1,1.2856666666666667,2.6487744528949446
rankine_flip_ppc2_coefpic0.1_t4,flip,2,0.1,1.3034,2.634378427518606
rankine_flip_ppc2_coefpic0.1_t4,flip,2,0.1,1.3211333333333335,2.6178079270152375
rankine_flip_ppc2_coefpic0.1_t4,flip,2,0.1,1.3388666666666666,2.5981768900978643
rankine_flip_ppc2_coefpic0.1_t4,flip,2,0.1,1.3566,2.5769678462503567
rankine_flip_ppc2_coefpic0.1_t4,flip,2,0.1,1.3743333333333334,2.554224557904811
rankine_flip_ppc2_coefpic0.1_t4,flip,2,0.1,1.3920666666666666,2.528706705548228
rankine_flip_ppc2_coefpic0.1_t4,flip,2,0.1,1.4098000000000002,2.5031950212445384
rankine_flip_ppc2_coefpic0.1_t4,flip,2,0.1,1.4275333333333333,2.477161422908165
rankine_flip_ppc2_coefpic0.1_t4,flip,2,0.1,1.4452666666666667,2.4523821395107688
rankine_flip_ppc2_coefpic0.1_t4,flip,2,0.1,1.463,2.427300186860401
rankine_flip_ppc2_coefpic0.1_t4,flip,2,0.1,1.4807333333333332,2.4016333642438683
rankine_flip_ppc2_coefpic0.1_t4,flip,2,0.1,1.4984666666666668,2.375049348227511
rankine_flip_ppc2_coefpic0.1_t4,flip,2,0.1,1.5162,2.3494655877583894
rankine_flip_ppc2_coefpic0.1_t4,flip,2,0.1,1.5339333333333334,2.3235077153679278
rankine_flip_ppc2_coefpic0.1_t4,flip,2,0.1,1.5516666666666667,2.298551715655628
rankine_flip_ppc2_coefpic0.1_t4,flip,2,0.1,1.5694,2.27387811107272
rankine_flip_ppc2_coefpic0.1_t4,flip,2,0.1,1.5871333333333335,2.249123884477684
rankine_flip_ppc2_coefpic0.1_t4,flip,2,0.1,1.6048666666666667,2.22502441668438
rankine_flip_ppc2_coefpic0.1_t4,flip,2,0.1,1.6226,2.202515311704998
rankine_flip_ppc2_coefpic0.1_t4,flip,2,0.1,1.6403333333333334,2.1802238347382663
rankine_flip_ppc2_coefpic0.1_t4,flip,2,0.1,1.6580666666666666,2.157116062945756
rankine_flip_ppc2_coefpic0.1_t4,flip,2,0.1,1.6758000000000002,2.134350967425378
rankine_flip_ppc2_coefpic0.1_t4,flip,2,0.1,1.6935333333333333,2.1119191138870934
rankine_flip_ppc2_coefpic0.1_t4,flip,2,0.1,1.7112666666666665,2.090947747668161
rankine_flip_ppc2_coefpic0.1_t4,flip,2,0.1,1.729,2.070465106301856
rankine_flip_ppc2_coefpic0.1_t4,flip,2,0.1,1.7467333333333332,2.0495615010890647
rankine_flip_ppc2_coefpic0.1_t4,flip,2,0.1,1.7644666666666668,2.029457870179834
rankine_flip_ppc2_coefpic0.1_t4,flip,2,0.1,1.7822,2.009820439530881
rankine_flip_ppc2_coefpic0.1_t4,flip,2,0.1,1.7999333333333332,1.9908845034385183
rankine_flip_ppc2_coefpic0.1_t4,flip,2,0.1,1.8176666666666668,1.9719335914592253
rankine_flip_ppc2_coefpic0.1_t4,flip,2,0.1,1.8354,1.9525822907709622
rankine_flip_ppc2_coefpic0.1_t4,flip,2,0.1,1.8531333333333335,1.9339750267344873
rankine_flip_ppc2_coefpic0.1_t4,flip,2,0.1,1.8708666666666667,1.9156414861179565
rankine_flip_ppc2_coefpic0.1_t4,flip,2,0.1,1.8885999999999998,1.8977784648363993
rankine_flip_ppc2_coefpic0.1_t4,flip,2,0.1,1.9063333333333334,1.8803005506369574
rankine_flip_ppc2_coefpic0.1_t4,flip,2,0.1,1.9240666666666666,1.8634491331563487
rankine_flip_ppc2_coefpic0.1_t4,flip,2,0.1,1.9418000000000002,1.847106679545428
rankine_flip_ppc2_coefpic0.1_t4,flip,2,0.1,1.9595333333333333,1.830647430409376
rankine_flip_ppc2_coefpic0.1_t4,flip,2,0.1,1.9772666666666665,1.8144491834584333
rankine_flip_ppc2_coefpic0.1_t4,flip,2,0.1,1.995,1.7982098957719552
rankine_flip_ppc2_coefpic0.1_t4,flip,2,0.1,2.0127333333333333,1.7829869190726177
rankine_flip_ppc2_coefpic0.1_t4,flip,2,0.1,2.0304666666666664,1.7672088711063711
rankine_flip_ppc2_coefpic0.1_t4,flip,2,0.1,2.0482,1.7516595607164092
rankine_flip_ppc2_coefpic0.1_t4,flip,2,0.1,2.0659333333333336,1.7368227073008855
rankine_flip_ppc2_coefpic0.1_t4,flip,2,0.1,2.083666666666667,1.722777712852143
rankine_flip_ppc2_coefpic0.1_t4,flip,2,0.1,2.1014,1.708137562700373
rankine_flip_ppc2_coefpic0.1_t4,flip,2,0.1,2.119133333333333,1.6936480316091291
rankine_flip_ppc2_coefpic0.1_t4,flip,2,0.1,2.1368666666666667,1.6800130671109397
rankine_flip_ppc2_coefpic0.1_t4,flip,2,0.1,2.1546000000000003,1.6663544282109124
rankine_flip_ppc2_coefpic0.1_t4,flip,2,0.1,2.1723333333333334,1.652722377719944
rankine_flip_ppc2_coefpic0.1_t4,flip,2,0.1,2.1900666666666666,1.6388097538615694
rankine_flip_ppc2_coefpic0.1_t4,flip,2,0.1,2.2077999999999998,1.6250227839679048
rankine_flip_ppc2_coefpic0.1_t4,flip,2,0.1,2.2255333333333334,1.611552737931043
rankine_flip_ppc2_coefpic0.1_t4,flip,2,0.1,2.243266666666667,1.5983706029594684
rankine_flip_ppc2_coefpic0.1_t4,flip,2,0.1,2.261,1.5848204075153545
rankine_flip_ppc2_coefpic0.1_t4,flip,2,0.1,2.2787333333333333,1.57103605634072
rankine_flip_ppc2_coefpic0.1_t4,flip,2,0.1,2.2964666666666664,1.556298252611285
rankine_flip_ppc2_coefpic0.1_t4,flip,2,0.1,2.3142,1.5402615386161205
rankine_flip_ppc2_coefpic0.1_t4,flip,2,0.1,2.3319333333333336,1.5231885026491818
rankine_flip_ppc2_coefpic0.1_t4,flip,2,0.1,2.349666666666667,1.5044467111670117
rankine_flip_ppc2_coefpic0.1_t4,flip,2,0.1,2.3674,1.4832153175617844
rankine_flip_ppc2_coefpic0.1_t4,flip,2,0.1,2.385133333333333,1.4588020296101294
rankine_flip_ppc2_coefpic0.1_t4,flip,2,0.1,2.4028666666666667,1.4309693787692819
rankine_flip_ppc2_coefpic0.1_t4,flip,2,0.1,2.4206000000000003,1.3990672427336308
rankine_flip_ppc2_coefpic0.1_t4,flip,2,0.1,2.4383333333333335,1.3631437924542602
rankine_flip_ppc2_coefpic0.1_t4,flip,2,0.1,2.4560666666666666,1.317808496980138
rankine_flip_ppc2_coefpic0.1_t4,flip,2,0.1,2.4737999999999998,1.2646229411802021
rankine_flip_ppc2_coefpic0.1_t4,flip,2,0.1,2.4915333333333334,1.2057285824726474
rankine_flip_ppc2_coefpic0.1_t4,flip,2,0.1,2.509266666666667,1.136153888144955
rankine_flip_ppc2_coefpic0.1_t4,flip,2,0.1,2.527,1.0579685074946332
rankine_flip_ppc2_coefpic0.1_t4,flip,2,0.1,2.5447333333333333,0.9733957224492911
rankine_flip_ppc2_coefpic0.1_t4,flip,2,0.1,2.5624666666666664,0.8806820846448823
rankine_flip_ppc2_coefpic0.1_t4,flip,2,0.1,2.5802,0.7792712559147205
rankine_flip_ppc2_coefpic0.1_t4,flip,2,0.1,2.5979333333333336,0.6681725530540943
rankine_flip_ppc2_coefpic0.1_t4,flip,2,0.1,2.615666666666667,0.5485236226388308
rankine_flip_ppc2_coefpic0.1_t4,flip,2,0.1,2.6334,0.41826539193788564
rankine_flip_ppc2_coefpic0.1_t4,flip,2,0.1,2.651133333333333,0.21151043702794087
rankine_apic_ppc2_t4,apic,2,,0.008866666666666667,0.0344718822077328
rankine_apic_ppc2_t4,apic,2,,0.0266,0.07709125914229797
rankine_apic_ppc2_t4,apic,2,,0.044333333333333336,0.11735425430929323
rankine_apic_ppc2_t4,apic,2,,0.062066666666666666,0.16033015143728907
rankine_apic_ppc2_t4,apic,2,,0.07980000000000001,0.19777449504501543
rankine_apic_ppc2_t4,apic,2,,0.09753333333333333,0.23548751923614972
rankine_apic_ppc2_t4,apic,2,,0.11526666666666666,0.2801673384506349
rankine_apic_ppc2_t4,apic,2,,0.133,0.3237922941152595
rankine_apic_ppc2_t4,apic,2,,0.15073333333333333,0.3706195517139766
rankine_apic_ppc2_t4,apic,2,,0.16846666666666665,0.41935212854361925
rankine_apic_ppc2_t4,apic,2,,0.1862,0.46010855389259364
rankine_apic_ppc2_t4,apic,2,,0.20393333333333333,0.5007531762583379
rankine_apic_ppc2_t4,apic,2,,0.22166666666666668,0.5450715099912914
rankine_apic_ppc2_t4,apic,2,,0.2394,0.5861762689500356
rankine_apic_ppc2_t4,apic,2,,0.2571333333333333,0.6277141912184482
rankine_apic_ppc2_t4,apic,2,,0.2748666666666667,0.6712759683938271
rankine_apic_ppc2_t4,apic,2,,0.29259999999999997,0.7147116352947479
rankine_apic_ppc2_t4,apic,2,,0.31033333333333335,0.760859018151879
rankine_apic_ppc2_t4,apic,2,,0.3280666666666667,0.8054462327159024
rankine_apic_ppc2_t4,apic,2,,0.3458,0.8457906579903147
rankine_apic_ppc2_t4,apic,2,,0.3635333333333334,0.8878297647026052
rankine_apic_ppc2_t4,apic,2,,0.38126666666666664,0.9302720329289111
rankine_apic_ppc2_t4,apic,2,,0.399,0.9705861934699669
rankine_apic_ppc2_t4,apic,2,,0.4167333333333333,1.016219327677007
rankine_apic_ppc2_t4,apic,2,,0.43446666666666667,1.0609786497014468
rankine_apic_ppc2_t4,apic,2,,0.45220000000000005,1.103653586196705
rankine_apic_ppc2_t4,apic,2,,0.4699333333333333,1.1478524692518917
rankine_apic_ppc2_t4,apic,2,,0.4876666666666667,1.1907579080700736
rankine_apic_ppc2_t4,apic,2,,0.5054,1.2335492138935669
rankine_apic_ppc2_t4,apic,2,,0.5231333333333333,1.2763064502386023
rankine_apic_ppc2_t4,apic,2,,0.5408666666666666,1.3146804067974232
rankine_apic_ppc2_t4,apic,2,,0.5586,1.3582775300305174
rankine_apic_ppc2_t4,apic,2,,0.5763333333333334,1.4038143902200755
rankine_apic_ppc2_t4,apic,2,,0.5940666666666667,1.4480899229119506
rankine_apic_ppc2_t4,apic,2,,0.6118,1.4922771909429755
rankine_apic_ppc2_t4,apic,2,,0.6295333333333333,1.535546540005413
rankine_apic_ppc2_t4,apic,2,,0.6472666666666667,1.5787082372458763
rankine_apic_ppc2_t4,apic,2,,0.665,1.6229618040835891
rankine_apic_ppc2_t4,apic,2,,0.6827333333333334,1.6661350814126197
rankine_apic_ppc2_t4,apic,2,,0.7004666666666667,1.707636904336132
rankine_apic_ppc2_t4,apic,2,,0.7182,1.7504147638957324
rankine_apic_ppc2_t4,apic,2,,0.7359333333333333,1.7936539567404666
rankine_apic_ppc2_t4,apic,2,,0.7536666666666667,1.8369745757165492
rankine_apic_ppc2_t4,apic,2,,0.7714000000000001,1.8824550658029406
rankine_apic_ppc2_t4,apic,2,,0.7891333333333334,1.9269111319914327
rankine_apic_ppc2_t4,apic,2,,0.8068666666666666,1.9687969078996483
rankine_apic_ppc2_t4,apic,2,,0.8246,2.0107019012413216
rankine_apic_ppc2_t4,apic,2,,0.8423333333333334,2.052209525164872
rankine_apic_ppc2_t4,apic,2,,0.8600666666666666,2.0942632741546996
rankine_apic_ppc2_t4,apic,2,,0.8778,2.138756767072272
rankine_apic_ppc2_t4,apic,2,,0.8955333333333333,2.1813191218399797
rankine_apic_ppc2_t4,apic,2,,0.9132666666666667,2.224759744611741
rankine_apic_ppc2_t4,apic,2,,0.931,2.271469506564612
rankine_apic_ppc2_t4,apic,2,,0.9487333333333333,2.317921938551565
rankine_apic_ppc2_t4,apic,2,,0.9664666666666667,2.3642273779184784
rankine_apic_ppc2_t4,apic,2,,0.9842,2.4116374671457264
rankine_apic_ppc2_t4,apic,2,,1.0019333333333333,2.4583239059731854
rankine_apic_ppc2_t4,apic,2,,1.0196666666666667,2.5041034981138552
rankine_apic_ppc2_t4,apic,2,,1.0373999999999999,2.552269452819263
rankine_apic_ppc2_t4,apic,2,,1.0551333333333335,2.600382856209238
rankine_apic_ppc2_t4,apic,2,,1.0728666666666666,2.6463600323016756
rankine_apic_ppc2_t4,apic,2,,1.0906,2.6893337770175876
rankine_apic_ppc2_t4,apic,2,,1.1083333333333334,2.727581212113861
rankine_apic_ppc2_t4,apic,2,,1.1260666666666665,2.7626825325839217
rankine_apic_ppc2_t4,apic,2,,1.1438000000000001,2.792627001444534
rankine_apic_ppc2_t4,apic,2,,1.1615333333333333,2.8147291720384566
rankine_apic_ppc2_t4,apic,2,,1.1792666666666667,2.8296645995128062
rankine_apic_ppc2_t4,apic,2,,1.197,2.8379725564609455
rankine_apic_ppc2_t4,apic,2,,1.2147333333333332,2.8388387213352813
rankine_apic_ppc2_t4,apic,2,,1.2324666666666668,2.8318167726093626
rankine_apic_ppc2_t4,apic,2,,1.2502,2.8175304135979204
rankine_apic_ppc2_t4,apic,2,,1.2679333333333334,2.796489378480486
rankine_apic_ppc2_t4,apic,2,,1.2856666666666667,2.7708893592194395
rankine_apic_ppc2_t4,apic,2,,1.3034,2.7414287315067782
rankine_apic_ppc2_t4,apic,2,,1.3211333333333335,2.709737153944126
rankine_apic_ppc2_t4,apic,2,,1.3388666666666666,2.674936509956693
rankine_apic_ppc2_t4,apic,2,,1.3566,2.6384577851702
rankine_apic_ppc2_t4,apic,2,,1.3743333333333334,2.601772453068589
rankine_apic_ppc2_t4,apic,2,,1.3920666666666666,2.5638840413373534
rankine_apic_ppc2_t4,apic,2,,1.4098000000000002,2.528061351522983
rankine_apic_ppc2_t4,apic,2,,1.4275333333333333,2.4939886984420268
rankine_apic_ppc2_t4,apic,2,,1.4452666666666667,2.463223747261941
rankine_apic_ppc2_t4,apic,2,,1.463,2.4334806092303087
rankine_apic_ppc2_t4,apic,2,,1.4807333333333332,2.404800663203814
rankine_apic_ppc2_t4,apic,2,,1.4984666666666668,2.376683563767716
rankine_apic_ppc2_t4,apic,2,,1.5162,2.3495723937972905
rankine_apic_ppc2_t4,apic,2,,1.5339333333333334,2.3240569865886425
rankine_apic_ppc2_t4,apic,2,,1.5516666666666667,2.298876655758818
rankine_apic_ppc2_t4,apic,2,,1.5694,2.274298949706998
rankine_apic_ppc2_t4,apic,2,,1.5871333333333335,2.249883716835392
rankine_apic_ppc2_t4,apic,2,,1.6048666666666667,2.2260990035205204
rankine_apic_ppc2_t4,apic,2,,1.6226,2.20364272328214
rankine_apic_ppc2_t4,apic,2,,1.6403333333333334,2.1810302149757885
rankine_apic_ppc2_t4,apic,2,,1.6580666666666666,2.158445533349138
rankine_apic_ppc2_t4,apic,2,,1.6758000000000002,2.1357026619909423
rankine_apic_ppc2_t4,apic,2,,1.6935333333333333,2.112904083343548
rankine_apic_ppc2_t4,apic,2,,1.7112666666666665,2.0913866818816427
rankine_apic_ppc2_t4,apic,2,,1.729,2.0709675188071954
rankine_apic_ppc2_t4,apic,2,,1.7467333333333332,2.0501941824147143
rankine_apic_ppc2_t4,apic,2,,1.7644666666666668,2.029992607958384
rankine_apic_ppc2_t4,apic,2,,1.7822,2.010306933030626
rankine_apic_ppc2_t4,apic,2,,1.7999333333333332,1.9913485403910391
rankine_apic_ppc2_t4,apic,2,,1.8176666666666668,1.972347000957036
rankine_apic_ppc2_t4,apic,2,,1.8354,1.9530163749304585
rankine_apic_ppc2_t4,apic,2,,1.8531333333333335,1.9344365116741091
rankine_apic_ppc2_t4,apic,2,,1.8708666666666667,1.9162017032223453
rankine_apic_ppc2_t4,apic,2,,1.8885999999999998,1.8986648552300724
rankine_apic_ppc2_t4,apic,2,,1.9063333333333334,1.8810947236860849
rankine_apic_ppc2_t4,apic,2,,1.9240666666666666,1.8639613254030691
rankine_apic_ppc2_t4,apic,2,,1.9418000000000002,1.847434040870575
rankine_apic_ppc2_t4,apic,2,,1.9595333333333333,1.8313233586255848
rankine_apic_ppc2_t4,apic,2,,1.9772666666666665,1.8145599849878975
rankine_apic_ppc2_t4,apic,2,,1.995,1.7982973605805532
rankine_apic_ppc2_t4,apic,2,,2.0127333333333333,1.7827590683678722
rankine_apic_ppc2_t4,apic,2,,2.0304666666666664,1.7680726306874588
rankine_apic_ppc2_t4,apic,2,,2.0482,1.7523802607757015
rankine_apic_ppc2_t4,apic,2,,2.0659333333333336,1.7385341908510483
rankine_apic_ppc2_t4,apic,2,,2.083666666666667,1.7250665580776465
rankine_apic_ppc2_t4,apic,2,,2.1014,1.7115314840384803
rankine_apic_ppc2_t4,apic,2,,2.119133333333333,1.697240938499371
rankine_apic_ppc2_t4,apic,2,,2.1368666666666667,1.6828912478022924
rankine_apic_ppc2_t4,apic,2,,2.1546000000000003,1.6683683891232326
rankine_apic_ppc2_t4,apic,2,,2.1723333333333334,1.653391025920615
rankine_apic_ppc2_t4,apic,2,,2.1900666666666666,1.6368628013511484
rankine_apic_ppc2_t4,apic,2,,2.2077999999999998,1.6195943771624386
rankine_apic_ppc2_t4,apic,2,,2.2255333333333334,1.602631521742369
rankine_apic_ppc2_t4,apic,2,,2.243266666666667,1.5867815286456242
rankine_apic_ppc2_t4,apic,2,,2.261,1.572221836677557
rankine_apic_ppc2_t4,apic,2,,2.2787333333333333,1.558917324326416
rankine_apic_ppc2_t4,apic,2,,2.2964666666666664,1.5495615370727842
rankine_apic_ppc2_t4,apic,2,,2.3142,1.545101160065181
rankine_apic_ppc2_t4,apic,2,,2.3319333333333336,1.545489085138419
rankine_apic_ppc2_t4,apic,2,,2.349666666666667,1.551964770134746
rankine_apic_ppc2_t4,apic,2,,2.3674,1.5635194229155862
rankine_apic_ppc2_t4,apic,2,,2.385133333333333,1.578802436211309
rankine_apic_ppc2_t4,apic,2,,2.4028666666666667,1.5942700749201644
rankine_apic_ppc2_t4,apic,2,,2.4206000000000003,1.6059953459164573
rankine_apic_ppc2_t4,apic,2,,2.4383333333333335,1.609513199916935
rankine_apic_ppc2_t4,apic,2,,2.4560666666666666,1.6001031831963464
rankine_apic_ppc2_t4,apic,2,,2.4737999999999998,1.5711336639239823
rankine_apic_ppc2_t4,apic,2,,2.4915333333333334,1.5186677306495633
rankine_apic_ppc2_t4,apic,2,,2.509266666666667,1.4364102686993148
rankine_apic_ppc2_t4,apic,2,,2.527,1.3206690403964079
rankine_apic_ppc2_t4,apic,2,,2.5447333333333333,1.178799796094864
rankine_apic_ppc2_t4,apic,2,,2.5624666666666664,1.0112258139816153
rankine_apic_ppc2_t4,apic,2,,2.5802,0.8176779198010095
rankine_apic_ppc2_t4,apic,2,,2.5979333333333336,0.6168851301121582
rankine_apic_ppc2_t4,apic,2,,2.615666666666667,0.41799732710070064
rankine_apic_ppc2_t4,apic,2,,2.6334,0.2385155698997958
rankine_apic_ppc2_t4,apic,2,,2.651133333333333,0.08755354193770144
